{
    "precision": 0.45346170455441837,
    "recall": 0.21845684674101515,
    "mAP50": 0.22882911566916012,
    "mAP50_95": 0.14513909716793333
}