{
    "precision": 0.8219745810375735,
    "recall": 0.10008043758043757,
    "mAP50": 0.11392097360051319,
    "mAP50_95": 0.06656447780768807
}