{
    "precision": 0.5419232211344307,
    "recall": 0.21962116315057495,
    "mAP50": 0.21790463373850014,
    "mAP50_95": 0.12105198314113519
}